EMPLOYEE_ID,FIRST_NAME,LAST_NAME,EMAIL,DEPARTMENT,ROLE,LOCATION,HIRE_DATE,STATUS,TERMINATION_DATE,TERMINATION_REASON,MANAGER_ID,ANNUAL_SALARY,EMPLOYMENT_TYPE,SHIFT,CITY,STATE,ZIP
EMP-1001,Wei,Thomas,wei.thomas@acmecorp.com,Finance,Staff Accountant,Baltimore HQ,2021-04-15,Active,,,EMP-1087,59500.00,Full-Time,Day,Baltimore,MD,21202
EMP-1002,Mason,Williams,mason.williams@acmecorp.com,Human Resources,HRBP,Baltimore HQ,2024-03-11,Active,,,EMP-1001,75700.00,Full-Time,Day,Baltimore,MD,21202
EMP-1003,Riley,Clark,riley.clark@acmecorp.com,Engineering,Sr. Software Engineer,Austin Hub,2022-02-11,Active,,,EMP-1002,123800.00,Full-Time,Day,Austin,TX,78701
EMP-1004,Isabella,Moore,isabella.moore@acmecorp.com,Engineering,DevOps Engineer,Atlanta DC,2021-02-19,Active,,,EMP-1003,101200.00,Full-Time,Day,Atlanta,GA,30301
EMP-1005,Patrick,Hill,patrick.hill@acmecorp.com,Sales,Sales Manager,Baltimore HQ,2025-03-05,Active,,,,100600.00,Full-Time,Day,Baltimore,MD,21202
EMP-1006,Derek,Hill,derek.hill@acmecorp.com,Engineering,Engineering Manager,Austin Hub,2021-11-22,Active,,,,155000.00,Full-Time,Day,Austin,TX,78701
EMP-1007,William,Williams,william.williams@acmecorp.com,Customer Service,Sr. CS Representative,Austin Hub,2021-01-30,Active,,,EMP-1003,57300.00,Full-Time,Day,Austin,TX,78701
EMP-1008,Wei,Robinson,wei.robinson@acmecorp.com,Warehouse & Logistics,Inventory Specialist,Baltimore HQ,2023-05-16,Active,,,EMP-1003,52200.00,Full-Time,Day,Baltimore,MD,21202
EMP-1009,Amanda,Wright,amanda.wright@acmecorp.com,Finance,Staff Accountant,Chicago Plant,2024-07-02,Active,,,EMP-1008,69600.00,Full-Time,Day,Chicago,IL,60601
EMP-1010,Sofia,Shah,sofia.shah@acmecorp.com,Finance,Financial Analyst,Austin Hub,2025-02-07,Active,,,EMP-1004,84200.00,Full-Time,Day,Austin,TX,78701
EMP-1012,Liam,Johansson,liam.johansson@acmecorp.com,Customer Service,Quality Analyst,Atlanta DC,2022-11-05,Active,,,EMP-1003,66600.00,Full-Time,Day,Atlanta,GA,30301
EMP-1013,Priya,Mitchell,priya.mitchell@acmecorp.com,Warehouse & Logistics,Logistics Coordinator,Austin Hub,2022-02-22,Active,,,EMP-1007,57900.00,Full-Time,Day,Austin,TX,78701
EMP-1014,Michael,Okafor,michael.okafor@acmecorp.com,Human Resources,HR Generalist,Denver Office,2021-11-24,Active,,,EMP-1003,54200.00,Full-Time,Day,Denver,CO,80202
EMP-1015,Zoe,Harris,zoe.harris@acmecorp.com,Sales,Account Executive,Austin Hub,2022-10-17,Active,,,EMP-1009,77900.00,Full-Time,Day,Austin,TX,78701
EMP-1016,Caleb,Carter,caleb.carter@acmecorp.com,Human Resources,HR Generalist,Baltimore HQ,2021-10-28,Active,,,EMP-1006,57300.00,Full-Time,Day,Baltimore,MD,21202
EMP-1017,James,Campbell,james.campbell@acmecorp.com,Sales,Solutions Consultant,Atlanta DC,2023-12-10,Active,,,EMP-1009,110700.00,Full-Time,Day,Atlanta,GA,30301
EMP-1018,Jackson,Hill,jackson.hill@acmecorp.com,Human Resources,HR Manager,Baltimore HQ,2023-04-28,Active,,,,91000.00,Full-Time,Day,Baltimore,MD,21202
EMP-1019,Sofia,Young,sofia.young@acmecorp.com,Human Resources,HR Generalist,Austin Hub,2023-05-20,Active,,,EMP-1005,52400.00,Full-Time,Day,Austin,TX,78701
EMP-1020,Carlos,Campbell,carlos.campbell@acmecorp.com,Warehouse & Logistics,Warehouse Associate,Austin Hub,2025-01-11,Active,,,EMP-1009,41300.00,Full-Time,Day,Austin,TX,78701
EMP-1021,Amanda,Taylor,amanda.taylor@acmecorp.com,Engineering,DevOps Engineer,Austin Hub,2022-01-06,Terminated,2025-10-23,Voluntary - Personal Reasons,EMP-1006,133600.00,Full-Time,Day,Austin,TX,78701
EMP-1022,Robert,Nguyen,robert.nguyen@acmecorp.com,Engineering,Sr. Software Engineer,Austin Hub,2022-02-12,Terminated,2025-11-03,Voluntary - Personal Reasons,EMP-1006,115300.00,Full-Time,Day,Austin,TX,78701
EMP-1023,Kevin,Campbell,kevin.campbell@acmecorp.com,Engineering,DevOps Engineer,Austin Hub,2022-03-20,Resigned,2025-12-07,Involuntary - Performance,EMP-1006,104700.00,Full-Time,Day,Austin,TX,78701
EMP-1024,Jennifer,Sanchez,jennifer.sanchez@acmecorp.com,Engineering,Software Engineer,Austin Hub,2020-12-05,Terminated,2026-01-14,Involuntary - Performance,EMP-1006,93700.00,Full-Time,Day,Austin,TX,78701
EMP-1025,Daniel,Brown,daniel.brown@acmecorp.com,Engineering,Software Engineer,Austin Hub,2022-05-21,Terminated,2026-02-04,Involuntary - Performance,EMP-1006,118900.00,Full-Time,Day,Austin,TX,78701
EMP-1026,Ethan,Jackson,ethan.jackson@acmecorp.com,Engineering,DevOps Engineer,Austin Hub,2021-04-27,Resigned,2026-02-15,Voluntary - Work Environment,EMP-1006,101200.00,Part-Time,Day,Austin,TX,78701
EMP-1027,Nora,Hernandez,nora.hernandez@acmecorp.com,Engineering,Software Engineer,Austin Hub,2022-07-27,Active,,,EMP-1006,114800.00,Full-Time,Day,Austin,TX,78701
EMP-1028,Samantha,Johansson,samantha.johansson@acmecorp.com,Engineering,Software Engineer,Austin Hub,2022-03-04,Active,,,EMP-1006,106700.00,Full-Time,Day,Austin,TX,78701
EMP-1029,Priya,Wilson,priya.wilson@acmecorp.com,Human Resources,HR Manager,Austin Hub,2023-08-28,Active,,,,105100.00,Full-Time,Day,Austin,TX,78701
EMP-1030,Ethan,Lee,ethan.lee@acmecorp.com,Sales,Sales Manager,Atlanta DC,2025-01-04,Active,,,,127200.00,Part-Time,Day,Atlanta,GA,30301
EMP-1031,Jessica,Wright,jessica.wright@acmecorp.com,Warehouse & Logistics,Forklift Operator,Chicago Plant,2023-12-06,Active,,,EMP-1002,51100.00,Full-Time,Swing,Chicago,IL,60601
EMP-1032,Riley,Rivera,riley.rivera@acmecorp.com,Warehouse & Logistics,Logistics Coordinator,Chicago Plant,2020-11-22,Active,,,EMP-1009,48100.00,Full-Time,Night,Chicago,IL,60601
EMP-1033,Thomas,Johansson,thomas.johansson@acmecorp.com,Warehouse & Logistics,Forklift Operator,Chicago Plant,2022-04-25,Active,,,EMP-1010,41800.00,Full-Time,Swing,Chicago,IL,60601
EMP-1034,Logan,Taylor,logan.taylor@acmecorp.com,Warehouse & Logistics,Warehouse Associate,Chicago Plant,2020-09-03,Active,,,EMP-1007,36200.00,Full-Time,Day,Chicago,IL,60601
EMP-1035,Priya,Hernandez,priya.hernandez@acmecorp.com,Warehouse & Logistics,Inventory Specialist,Chicago Plant,2022-04-29,Active,,,EMP-1002,51000.00,Part-Time,Night,Chicago,IL,60601
EMP-1036,Grace,Nguyen,grace.nguyen@acmecorp.com,Warehouse & Logistics,Forklift Operator,Chicago Plant,2023-01-03,Active,,,EMP-1006,38600.00,Full-Time,Day,Chicago,IL,60601
EMP-1037,Emily,Thompson,emily.thompson@acmecorp.com,Warehouse & Logistics,Logistics Coordinator,Chicago Plant,2023-02-20,Active,,,EMP-1004,60700.00,Full-Time,Day,Chicago,IL,60601
EMP-1038,Nathan,Chen,nathan.chen@acmecorp.com,Warehouse & Logistics,Forklift Operator,Chicago Plant,2020-12-02,Active,,,EMP-1002,41700.00,Full-Time,Day,Chicago,IL,60601
EMP-1039,Ethan,Thompson,ethan.thompson@acmecorp.com,Warehouse & Logistics,Forklift Operator,Chicago Plant,2020-12-16,Active,,,EMP-1011,41100.00,Full-Time,Swing,Chicago,IL,60601
EMP-1040,Patrick,Adams,patrick.adams@acmecorp.com,Warehouse & Logistics,Logistics Coordinator,Chicago Plant,2021-08-10,Active,,,EMP-1001,53600.00,Full-Time,Swing,Chicago,IL,60601
EMP-1041,David,Miller,david.miller@acmecorp.com,Warehouse & Logistics,Shift Supervisor,Chicago Plant,2023-06-25,Active,,,EMP-1009,57900.00,Full-Time,Night,Chicago,IL,60601
EMP-1042,Chloe,Smith,chloe.smith@acmecorp.com,Warehouse & Logistics,Logistics Coordinator,Chicago Plant,2020-11-23,Active,,,EMP-1011,59700.00,Full-Time,Swing,Chicago,IL,60601
EMP-1043,Trevor,Nelson,trevor.nelson@acmecorp.com,Warehouse & Logistics,Shift Supervisor,Chicago Plant,2021-05-19,Active,,,EMP-1011,59100.00,Full-Time,Swing,Chicago,IL,60601
EMP-1044,Kevin,Gonzalez,kevin.gonzalez@acmecorp.com,Warehouse & Logistics,Forklift Operator,Chicago Plant,2023-04-17,Active,,,EMP-1005,46600.00,Full-Time,Day,Chicago,IL,60601
EMP-1045,Chloe,Chen,chloe.chen@acmecorp.com,Warehouse & Logistics,Shift Supervisor,Chicago Plant,2021-09-30,Active,,,EMP-1008,58400.00,Full-Time,Night,Chicago,IL,60601
EMP-1046,Andres,Allen,andres.allen@acmecorp.com,Warehouse & Logistics,Shift Supervisor,Chicago Plant,2021-12-11,Active,,,EMP-1004,51700.00,Full-Time,Day,Chicago,IL,60601
EMP-1047,Sarah,Thomas,sarah.thomas@acmecorp.com,Warehouse & Logistics,Warehouse Associate,Chicago Plant,2021-12-28,Active,,,EMP-1011,40900.00,Full-Time,Night,Chicago,IL,60601
EMP-1048,Emma,Thomas,emma.thomas@acmecorp.com,Warehouse & Logistics,Warehouse Associate,Chicago Plant,2021-07-24,Active,,,EMP-1002,46600.00,Full-Time,Day,Chicago,IL,60601
EMP-1049,Michael,Scott,michael.scott@acmecorp.com,Warehouse & Logistics,Warehouse Associate,Chicago Plant,2020-08-29,Active,,,EMP-1008,40900.00,Full-Time,Night,Chicago,IL,60601
EMP-1050,Jackson,Ramirez,jackson.ramirez@acmecorp.com,Warehouse & Logistics,Inventory Specialist,Chicago Plant,2022-05-06,Active,,,EMP-1008,56400.00,Full-Time,Day,Chicago,IL,60601
EMP-1051,Logan,Green,logan.green@acmecorp.com,Warehouse & Logistics,Warehouse Associate,Chicago Plant,2022-12-14,Active,,,EMP-1004,44300.00,Full-Time,Swing,Chicago,IL,60601
EMP-1052,Nicole,Anderson,nicole.anderson@acmecorp.com,Human Resources,Recruiter,Baltimore HQ,2024-07-24,Active,,,EMP-1004,63800.00,Part-Time,Day,Baltimore,MD,21202
EMP-1053,Hannah,Clark,hannah.clark@acmecorp.com,Sales,VP Sales,Chicago Plant,2020-09-30,Active,,,,143100.00,Full-Time,Day,Chicago,IL,60601
EMP-1054,Connor,Walker,connor.walker@acmecorp.com,Human Resources,HRBP,Baltimore HQ,2023-06-12,Active,,,EMP-1005,75100.00,Full-Time,Day,Baltimore,MD,21202
EMP-1055,Brandon,Young,brandon.young@acmecorp.com,Sales,VP Sales,Austin Hub,2022-12-22,Active,,,,151000.00,Full-Time,Day,Austin,TX,78701
EMP-1056,Amanda,Shah,amanda.shah@acmecorp.com,Customer Service,CS Manager,Atlanta DC,2024-09-13,Active,,,,84300.00,Full-Time,Day,Atlanta,GA,30301
EMP-1057,Carlos,Adams,carlos.adams@acmecorp.com,Customer Service,Sr. CS Representative,Atlanta DC,2022-10-30,Active,,,EMP-1007,48700.00,Full-Time,Day,Atlanta,GA,30301
EMP-1058,Connor,Moore,connor.moore@acmecorp.com,Customer Service,Quality Analyst,Atlanta DC,2020-10-02,Active,,,EMP-1002,56000.00,Full-Time,Day,Atlanta,GA,30301
EMP-1059,Patrick,Anderson,patrick.anderson@acmecorp.com,Customer Service,CS Representative,Atlanta DC,2021-01-14,Active,,,EMP-1004,46600.00,Full-Time,Day,Atlanta,GA,30301
EMP-1060,Marcus,Rodriguez,marcus.rodriguez@acmecorp.com,Customer Service,CS Manager,Atlanta DC,2024-10-10,Active,,,,93800.00,Full-Time,Day,Atlanta,GA,30301
EMP-1061,Thomas,Roberts,thomas.roberts@acmecorp.com,Customer Service,CS Representative,Atlanta DC,2023-09-03,Active,,,EMP-1005,44100.00,Full-Time,Day,Atlanta,GA,30301
EMP-1062,Jessica,Nguyen,jessica.nguyen@acmecorp.com,Customer Service,Sr. CS Representative,Atlanta DC,2021-11-25,Active,,,EMP-1005,49400.00,Full-Time,Day,Atlanta,GA,30301
EMP-1064,Emily,Ramirez,emily.ramirez@acmecorp.com,Customer Service,Quality Analyst,Atlanta DC,2021-11-08,Active,,,EMP-1007,63300.00,Full-Time,Day,Atlanta,GA,30301
EMP-1065,Caleb,Roberts,caleb.roberts@acmecorp.com,Customer Service,CS Manager,Atlanta DC,2022-12-22,Active,,,,78200.00,Full-Time,Day,Atlanta,GA,30301
EMP-1066,Aisha,Carter,aisha.carter@acmecorp.com,Customer Service,Quality Analyst,Atlanta DC,2021-12-30,Active,,,EMP-1008,57400.00,Full-Time,Day,Atlanta,GA,30301
EMP-1067,Olivia,Patel,olivia.patel@acmecorp.com,Customer Service,CS Manager,Atlanta DC,2023-11-07,Active,,,,88100.00,Full-Time,Day,Atlanta,GA,30301
EMP-1068,Carlos,Thomas,carlos.thomas@acmecorp.com,Customer Service,CS Manager,Atlanta DC,2022-09-05,Active,,,,89400.00,Full-Time,Day,Atlanta,GA,30301
EMP-1069,Robert,Garcia,robert.garcia@acmecorp.com,Customer Service,Sr. CS Representative,Atlanta DC,2023-02-24,Active,,,EMP-1010,52300.00,Full-Time,Day,Atlanta,GA,30301
EMP-1070,Mason,Mitchell,mason.mitchell@acmecorp.com,Customer Service,Quality Analyst,Atlanta DC,2023-06-12,Active,,,EMP-1005,56300.00,Full-Time,Day,Atlanta,GA,30301
EMP-1071,Samantha,Mitchell,samantha.mitchell@acmecorp.com,Customer Service,Sr. CS Representative,Atlanta DC,2021-02-22,Active,,,EMP-1008,50700.00,Full-Time,Day,Atlanta,GA,30301
EMP-1072,Andres,Miller,andres.miller@acmecorp.com,Human Resources,HRBP,Austin Hub,2023-10-04,Active,,,EMP-1004,95800.00,Full-Time,Day,Austin,TX,78701
EMP-1073,Kevin,Moore,kevin.moore@acmecorp.com,Customer Service,CS Manager,Baltimore HQ,2025-02-10,Active,,,,73000.00,Full-Time,Day,Baltimore,MD,21202
EMP-1074,Emily,Okafor,emily.okafor@acmecorp.com,Finance,AP/AR Specialist,Atlanta DC,2023-10-28,Active,,,EMP-1008,42200.00,Full-Time,Day,Atlanta,GA,30301
EMP-1075,Derek,Okafor,derek.okafor@acmecorp.com,Customer Service,CS Representative,Atlanta DC,2020-10-22,Active,,,EMP-1002,42700.00,Full-Time,Day,Atlanta,GA,30301
EMP-1076,Nicole,Martinez,nicole.martinez@acmecorp.com,Engineering,Software Engineer,Austin Hub,2023-09-18,Active,,,EMP-1002,113400.00,Full-Time,Day,Austin,TX,78701
EMP-1077,Brandon,Roberts,brandon.roberts@acmecorp.com,Engineering,DevOps Engineer,Austin Hub,2022-11-22,Active,,,EMP-1008,115900.00,Full-Time,Day,Austin,TX,78701
EMP-1078,Jennifer,Flores,jennifer.flores@acmecorp.com,Human Resources,HR Manager,Denver Office,2024-11-10,Active,,,,113800.00,Full-Time,Day,Denver,CO,80202
EMP-1079,Carlos,Hernandez,carlos.hernandez@acmecorp.com,Warehouse & Logistics,Shift Supervisor,Atlanta DC,2022-04-28,Active,,,EMP-1002,54300.00,Full-Time,Swing,Atlanta,GA,30301
EMP-1080,Fatima,Williams,fatima.williams@acmecorp.com,Sales,Solutions Consultant,Austin Hub,2021-06-15,Active,,,EMP-1005,88100.00,Full-Time,Day,Austin,TX,78701
EMP-1081,Priya,Chen,priya.chen@acmecorp.com,Sales,Sales Development Rep,Baltimore HQ,2022-02-10,Active,,,EMP-1011,60800.00,Full-Time,Day,Baltimore,MD,21202
EMP-1082,Riley,Anderson,riley.anderson@acmecorp.com,Warehouse & Logistics,Warehouse Associate,Denver Office,2023-12-05,Active,,,EMP-1003,43400.00,Part-Time,Day,Denver,CO,80202
EMP-1083,Andres,Lewis,andres.lewis@acmecorp.com,Customer Service,CS Manager,Austin Hub,2021-07-22,Active,,,,74900.00,Full-Time,Day,Austin,TX,78701
EMP-1084,Riley,Young,riley.young@acmecorp.com,Sales,VP Sales,Chicago Plant,2022-01-24,Active,,,,161900.00,Part-Time,Day,Chicago,IL,60601
EMP-1085,Derek,Johnson,derek.johnson@acmecorp.com,Sales,VP Sales,Chicago Plant,2021-08-21,Active,,,,144600.00,Full-Time,Day,Chicago,IL,60601
EMP-1086,Omar,Torres,omar.torres@acmecorp.com,Human Resources,HR Generalist,Austin Hub,2021-03-06,Active,,,EMP-1003,52800.00,Full-Time,Day,Austin,TX,78701
EMP-1087,Megan,Nguyen,megan.nguyen@acmecorp.com,Finance,Controller,Denver Office,2020-11-07,Active,,,EMP-1008,117400.00,Full-Time,Day,Denver,CO,80202
EMP-1088,Nathan,Lee,nathan.lee@acmecorp.com,Sales,Solutions Consultant,Chicago Plant,2020-08-10,Active,,,EMP-1003,103500.00,Full-Time,Day,Chicago,IL,60601
EMP-1089,Emma,Kim,emma.kim@acmecorp.com,Finance,Controller,Denver Office,2025-03-18,Active,,,EMP-1008,130400.00,Full-Time,Day,Denver,CO,80202
EMP-1090,Emma,Okafor,emma.okafor@acmecorp.com,Customer Service,CS Representative,Chicago Plant,2025-05-30,Active,,,EMP-1011,43200.00,Full-Time,Day,Chicago,IL,60601
EMP-1091,Eric,King,eric.king@acmecorp.com,Sales,Account Executive,Denver Office,2021-03-05,Active,,,EMP-1008,70900.00,Full-Time,Day,Denver,CO,80202
EMP-1092,Kevin,Muller,kevin.muller@acmecorp.com,Engineering,QA Analyst,Atlanta DC,2021-07-02,Active,,,EMP-1008,72200.00,Full-Time,Day,Atlanta,GA,30301
EMP-1093,Jason,Martin,jason.martin@acmecorp.com,Finance,Financial Analyst,Austin Hub,2022-04-27,Active,,,EMP-1007,78800.00,Full-Time,Day,Austin,TX,78701
EMP-1094,Nicole,Young,nicole.young@acmecorp.com,Engineering,Software Engineer,Denver Office,2023-10-13,Active,,,EMP-1009,117600.00,Full-Time,Day,Denver,CO,80202
EMP-1095,Aisha,Robinson,aisha.robinson@acmecorp.com,Sales,Solutions Consultant,Denver Office,2023-04-08,Active,,,EMP-1004,99300.00,Full-Time,Day,Denver,CO,80202
EMP-1096,Wei,Roberts,wei.roberts@acmecorp.com,Human Resources,HR Generalist,Atlanta DC,2023-02-03,Active,,,EMP-1006,67800.00,Full-Time,Day,Atlanta,GA,30301
EMP-1097,Andres,Campbell,andres.campbell@acmecorp.com,Human Resources,HR Generalist,Chicago Plant,2022-02-15,Active,,,EMP-1010,58000.00,Full-Time,Day,Chicago,IL,60601
EMP-1098,Caleb,Walker,caleb.walker@acmecorp.com,Sales,Solutions Consultant,Atlanta DC,2022-04-28,Active,,,EMP-1009,92100.00,Full-Time,Day,Atlanta,GA,30301
EMP-1099,Zoe,Anderson,zoe.anderson@acmecorp.com,Customer Service,Sr. CS Representative,Atlanta DC,2023-02-11,Active,,,EMP-1001,60000.00,Full-Time,Day,Atlanta,GA,30301
EMP-1100,Nicole,Young,nicole.young@acmecorp.com,Sales,Solutions Consultant,Denver Office,2024-09-16,Active,,,EMP-1009,113800.00,Full-Time,Day,Denver,CO,80202
EMP-1101,Daniel,King,daniel.king@acmecorp.com,Customer Service,Quality Analyst,Baltimore HQ,2025-05-01,Active,,,EMP-1003,66600.00,Full-Time,Day,Baltimore,MD,21202
EMP-1102,Aiden,Chen,aiden.chen@acmecorp.com,Finance,Staff Accountant,Atlanta DC,2023-07-09,Active,,,EMP-1010,74400.00,Full-Time,Day,Atlanta,GA,30301
EMP-1103,Caleb,Harris,caleb.harris@acmecorp.com,Finance,Controller,Baltimore HQ,2021-11-26,Active,,,EMP-1008,138200.00,Full-Time,Day,Baltimore,MD,21202
EMP-1104,Marcus,Green,marcus.green@acmecorp.com,Engineering,Software Engineer,Austin Hub,2023-10-22,Active,,,EMP-1004,109000.00,Full-Time,Day,Austin,TX,78701
EMP-1105,Lucas,Hernandez,lucas.hernandez@acmecorp.com,Sales,Account Executive,Baltimore HQ,2025-04-03,Active,,,EMP-1001,80800.00,Full-Time,Day,Baltimore,MD,21202
EMP-1106,Grace,Ramirez,grace.ramirez@acmecorp.com,Engineering,QA Analyst,Chicago Plant,2022-06-10,Active,,,EMP-1007,68600.00,Full-Time,Day,Chicago,IL,60601
EMP-1107,Carlos,Flores,carlos.flores@acmecorp.com,Warehouse & Logistics,Forklift Operator,Atlanta DC,2021-12-10,Active,,,EMP-1011,50200.00,Full-Time,Night,Atlanta,GA,30301
EMP-1108,Derek,Robinson,derek.robinson@acmecorp.com,Warehouse & Logistics,Inventory Specialist,Atlanta DC,2025-05-13,Active,,,EMP-1008,46100.00,Full-Time,Night,Atlanta,GA,30301
EMP-1109,Lucas,Thompson,lucas.thompson@acmecorp.com,Human Resources,HR Generalist,Atlanta DC,2023-09-28,Active,,,EMP-1011,71800.00,Full-Time,Day,Atlanta,GA,30301
EMP-1110,Jamal,Gonzalez,jamal.gonzalez@acmecorp.com,Finance,AP/AR Specialist,Chicago Plant,2020-08-19,Active,,,EMP-1008,60000.00,Full-Time,Day,Chicago,IL,60601
EMP-1111,Fatima,Hall,fatima.hall@acmecorp.com,Sales,Sales Manager,Austin Hub,2020-10-06,Active,,,,101800.00,Full-Time,Day,Austin,TX,78701
EMP-1112,Michael,Costa,michael.costa@acmecorp.com,Customer Service,CS Manager,Baltimore HQ,2022-08-19,Active,,,,85900.00,Full-Time,Day,Baltimore,MD,21202
EMP-1113,Olivia,Anderson,olivia.anderson@acmecorp.com,Customer Service,CS Manager,Atlanta DC,2021-12-08,Active,,,,86600.00,Full-Time,Day,Atlanta,GA,30301
EMP-1114,Sarah,Martin,sarah.martin@acmecorp.com,Finance,Staff Accountant,Atlanta DC,2025-03-25,Active,,,EMP-1010,70800.00,Full-Time,Day,Atlanta,GA,30301
EMP-1115,Sofia,Mitchell,sofia.mitchell@acmecorp.com,Warehouse & Logistics,Shift Supervisor,Baltimore HQ,2024-04-16,Active,,,EMP-1003,57500.00,Full-Time,Swing,Baltimore,MD,21202
EMP-1116,Amanda,Taylor,amanda.taylor@acmecorp.com,Human Resources,HR Manager,Austin Hub,2022-09-19,Active,,,,112400.00,Full-Time,Day,Austin,TX,78701
EMP-1117,Hannah,Jones,hannah.jones@acmecorp.com,Customer Service,CS Representative,Chicago Plant,2024-02-25,Active,,,EMP-1011,38000.00,Full-Time,Day,Chicago,IL,60601
EMP-1118,Ashley,Chen,ashley.chen@acmecorp.com,Sales,Sales Manager,Austin Hub,2023-12-08,Active,,,,105800.00,Full-Time,Day,Austin,TX,78701
EMP-1119,Connor,Kim,connor.kim@acmecorp.com,Sales,Sales Manager,Chicago Plant,2023-05-03,Active,,,,115500.00,Full-Time,Day,Chicago,IL,60601
EMP-1120,Sofia,Costa,sofia.costa@acmecorp.com,Warehouse & Logistics,Warehouse Associate,Denver Office,2021-10-14,Active,,,EMP-1002,42900.00,Full-Time,Swing,Denver,CO,80202
EMP-1121,Thomas,Rodriguez,thomas.rodriguez@acmecorp.com,Finance,AP/AR Specialist,Chicago Plant,2025-03-17,Active,,,EMP-1005,42800.00,Full-Time,Day,Chicago,IL,60601
EMP-1122,Caleb,Rodriguez,caleb.rodriguez@acmecorp.com,Engineering,Sr. Software Engineer,Baltimore HQ,2023-05-04,Active,,,EMP-1011,130500.00,Full-Time,Day,Baltimore,MD,21202
EMP-1123,Nicole,Johansson,nicole.johansson@acmecorp.com,Finance,AP/AR Specialist,Austin Hub,2024-11-11,Active,,,EMP-1008,49500.00,Full-Time,Day,Austin,TX,78701
EMP-1125,Olivia,Brown,olivia.brown@acmecorp.com,Engineering,Engineering Manager,Chicago Plant,2024-05-09,Active,,,,145900.00,Full-Time,Day,Chicago,IL,60601
EMP-1126,Robert,Brown,robert.brown@acmecorp.com,Sales,Sales Development Rep,Baltimore HQ,2024-01-20,Active,,,EMP-1003,60700.00,Full-Time,Day,Baltimore,MD,21202
EMP-1127,Justin,Nguyen,justin.nguyen@acmecorp.com,Warehouse & Logistics,Logistics Coordinator,Baltimore HQ,2024-02-10,Active,,,EMP-1006,51700.00,Full-Time,Night,Baltimore,MD,21202
EMP-1128,Kevin,Wright,kevin.wright@acmecorp.com,Engineering,Sr. Software Engineer,Chicago Plant,2024-06-09,Active,,,EMP-1002,125000.00,Full-Time,Day,Chicago,IL,60601
EMP-1129,Olivia,Chen,olivia.chen@acmecorp.com,Engineering,Software Engineer,Atlanta DC,2022-02-12,Active,,,EMP-1006,112600.00,Part-Time,Day,Atlanta,GA,30301
EMP-1130,Ava,King,ava.king@acmecorp.com,Customer Service,Sr. CS Representative,Baltimore HQ,2025-01-22,Active,,,EMP-1008,49600.00,Full-Time,Day,Baltimore,MD,21202
EMP-1131,Emily,Lewis,emily.lewis@acmecorp.com,Customer Service,CS Manager,Austin Hub,2021-12-20,Active,,,,83600.00,Part-Time,Day,Austin,TX,78701
EMP-1132,Ethan,Adams,ethan.adams@acmecorp.com,Finance,Controller,Austin Hub,2025-01-28,Active,,,EMP-1008,138600.00,Full-Time,Day,Austin,TX,78701
EMP-1133,Lucas,Jones,lucas.jones@acmecorp.com,Sales,Solutions Consultant,Baltimore HQ,2023-08-12,Active,,,EMP-1010,111500.00,Full-Time,Day,Baltimore,MD,21202
EMP-1134,Sofia,Harris,sofia.harris@acmecorp.com,Warehouse & Logistics,Logistics Coordinator,Chicago Plant,2022-06-11,Active,,,EMP-1005,64900.00,Full-Time,Night,Chicago,IL,60601
EMP-1135,Kayla,Ramirez,kayla.ramirez@acmecorp.com,Sales,Account Executive,Baltimore HQ,2024-02-20,Active,,,EMP-1007,73500.00,Full-Time,Day,Baltimore,MD,21202
EMP-1136,Daniel,Lee,daniel.lee@acmecorp.com,Sales,Solutions Consultant,Denver Office,2021-09-08,Active,,,EMP-1005,94900.00,Full-Time,Day,Denver,CO,80202
EMP-1137,Ashley,Shah,ashley.shah@acmecorp.com,Warehouse & Logistics,Warehouse Associate,Denver Office,2022-12-30,Active,,,EMP-1002,36100.00,Full-Time,Swing,Denver,CO,80202
EMP-1138,Nathan,Nelson,nathan.nelson@acmecorp.com,Warehouse & Logistics,Warehouse Associate,Austin Hub,2023-06-08,Active,,,EMP-1011,36600.00,Full-Time,Swing,Austin,TX,78701
EMP-1139,Yuki,Thompson,yuki.thompson@acmecorp.com,Finance,Controller,Baltimore HQ,2022-07-28,Active,,,EMP-1004,104100.00,Full-Time,Day,Baltimore,MD,21202
EMP-1140,Patrick,Nakamura,patrick.nakamura@acmecorp.com,Sales,Account Executive,Atlanta DC,2024-10-09,Active,,,EMP-1005,76700.00,Full-Time,Day,Atlanta,GA,30301
EMP-1141,Linda,Hill,linda.hill@acmecorp.com,Sales,VP Sales,Austin Hub,2020-10-07,Active,,,,186500.00,Full-Time,Day,Austin,TX,78701
EMP-1142,Yuki,Costa,yuki.costa@acmecorp.com,Engineering,QA Analyst,Atlanta DC,2025-05-20,Active,,,EMP-1003,73500.00,Full-Time,Day,Atlanta,GA,30301
EMP-1143,Brian,Mitchell,brian.mitchell@acmecorp.com,Human Resources,HR Generalist,Denver Office,2025-03-31,Active,,,EMP-1002,64700.00,Full-Time,Day,Denver,CO,80202
EMP-1144,Ethan,Perez,ethan.perez@acmecorp.com,Warehouse & Logistics,Inventory Specialist,Denver Office,2023-09-02,Active,,,EMP-1006,44500.00,Full-Time,Night,Denver,CO,80202
EMP-1145,Nicole,Hernandez,nicole.hernandez@acmecorp.com,Human Resources,HR Generalist,Baltimore HQ,2025-02-20,Active,,,EMP-1011,67100.00,Full-Time,Day,Baltimore,MD,21202
EMP-1146,Lucas,Clark,lucas.clark@acmecorp.com,Sales,Solutions Consultant,Denver Office,2021-03-08,Active,,,EMP-1009,89600.00,Full-Time,Day,Denver,CO,80202
EMP-1147,Logan,King,logan.king@acmecorp.com,Sales,Sales Manager,Baltimore HQ,2025-02-28,Active,,,,116700.00,Full-Time,Day,Baltimore,MD,21202
EMP-1148,Justin,Martin,justin.martin@acmecorp.com,Human Resources,HR Generalist,Baltimore HQ,2021-02-11,Active,,,EMP-1003,70900.00,Full-Time,Day,Baltimore,MD,21202
EMP-1149,James,Young,james.young@acmecorp.com,Customer Service,CS Representative,Chicago Plant,2024-06-07,Active,,,EMP-1003,46500.00,Full-Time,Day,Chicago,IL,60601
EMP-1150,Olivia,Jones,olivia.jones@acmecorp.com,Finance,Finance Manager,Atlanta DC,2021-04-04,Active,,,,108900.00,Part-Time,Day,Atlanta,GA,30301
EMP-1151,Trevor,Torres,trevor.torres@acmecorp.com,Engineering,Software Engineer,Denver Office,2023-02-24,Active,,,EMP-1011,100000.00,Full-Time,Day,Denver,CO,80202
EMP-1152,Sofia,Hernandez,sofia.hernandez@acmecorp.com,Engineering,Software Engineer,Denver Office,2021-12-14,Active,,,EMP-1008,113000.00,Full-Time,Day,Denver,CO,80202
EMP-1153,Emily,Thomas,emily.thomas@acmecorp.com,Customer Service,Quality Analyst,Baltimore HQ,2023-03-04,Active,,,EMP-1009,59000.00,Part-Time,Day,Baltimore,MD,21202
EMP-1154,Nathan,Roberts,nathan.roberts@acmecorp.com,Customer Service,Sr. CS Representative,Chicago Plant,2022-07-22,Active,,,EMP-1011,50400.00,Full-Time,Day,Chicago,IL,60601
EMP-1155,Patrick,Campbell,patrick.campbell@acmecorp.com,Human Resources,HR Manager,Atlanta DC,2021-10-19,Active,,,,113700.00,Full-Time,Day,Atlanta,GA,30301
EMP-1156,Derek,Gonzalez,derek.gonzalez@acmecorp.com,Warehouse & Logistics,Forklift Operator,Baltimore HQ,2024-07-23,Active,,,EMP-1011,40400.00,Part-Time,Night,Baltimore,MD,21202
EMP-1157,Lily,Baker,lily.baker@acmecorp.com,Sales,VP Sales,Denver Office,2022-04-02,Active,,,,186200.00,Full-Time,Day,Denver,CO,80202
EMP-1158,Nicole,Lewis,nicole.lewis@acmecorp.com,Human Resources,HR Manager,Chicago Plant,2022-12-09,Active,,,,87000.00,Full-Time,Day,Chicago,IL,60601
EMP-1159,Olivia,Allen,olivia.allen@acmecorp.com,Customer Service,CS Representative,Austin Hub,2022-10-30,Active,,,EMP-1008,37000.00,Part-Time,Day,Austin,TX,78701
EMP-1160,Ashley,Flores,ashley.flores@acmecorp.com,Customer Service,CS Representative,Chicago Plant,2023-04-06,Active,,,EMP-1008,44300.00,Full-Time,Day,Chicago,IL,60601
EMP-1161,Eric,Lee,eric.lee@acmecorp.com,Finance,AP/AR Specialist,Baltimore HQ,2022-08-10,Active,,,EMP-1003,52900.00,Full-Time,Day,Baltimore,MD,21202
EMP-1162,Carlos,Allen,carlos.allen@acmecorp.com,Sales,Sales Manager,Baltimore HQ,2025-03-13,Active,,,,115800.00,Full-Time,Day,Baltimore,MD,21202
EMP-1163,Sebastian,Flores,sebastian.flores@acmecorp.com,Sales,VP Sales,Denver Office,2023-04-30,Active,,,,147900.00,Full-Time,Day,Denver,CO,80202
EMP-1164,Michael,Chen,michael.chen@acmecorp.com,Sales,Sales Manager,Denver Office,2023-07-17,Active,,,,115200.00,Part-Time,Day,Denver,CO,80202
EMP-1165,Andres,Taylor,andres.taylor@acmecorp.com,Engineering,DevOps Engineer,Austin Hub,2021-09-26,Active,,,EMP-1010,123900.00,Full-Time,Day,Austin,TX,78701
EMP-1166,Brian,Costa,brian.costa@acmecorp.com,Customer Service,CS Manager,Baltimore HQ,2021-09-27,Active,,,,80000.00,Full-Time,Day,Baltimore,MD,21202
EMP-1167,Carlos,Martin,carlos.martin@acmecorp.com,Sales,VP Sales,Atlanta DC,2021-10-23,Active,,,,167900.00,Full-Time,Day,Atlanta,GA,30301
EMP-1168,Mason,Allen,mason.allen@acmecorp.com,Warehouse & Logistics,Warehouse Associate,Austin Hub,2023-05-21,Active,,,EMP-1005,39700.00,Full-Time,Day,Austin,TX,78701
EMP-1169,Brandon,Rodriguez,brandon.rodriguez@acmecorp.com,Customer Service,Sr. CS Representative,Denver Office,2023-10-05,Active,,,EMP-1002,50200.00,Full-Time,Day,Denver,CO,80202
EMP-1170,Isabella,Johansson,isabella.johansson@acmecorp.com,Human Resources,HR Generalist,Austin Hub,2024-09-06,Active,,,EMP-1010,67300.00,Full-Time,Day,Austin,TX,78701
EMP-1171,Amanda,Campbell,amanda.campbell@acmecorp.com,Warehouse & Logistics,Logistics Coordinator,Atlanta DC,2023-02-11,Active,,,EMP-1006,55400.00,Full-Time,Day,Atlanta,GA,30301
EMP-1172,Lily,Anderson,lily.anderson@acmecorp.com,Sales,Sales Manager,Austin Hub,2023-09-07,Active,,,,111400.00,Full-Time,Day,Austin,TX,78701
EMP-1173,Lucas,Robinson,lucas.robinson@acmecorp.com,Sales,Sales Manager,Atlanta DC,2021-01-20,Active,,,,120800.00,Full-Time,Day,Atlanta,GA,30301
EMP-1174,Lauren,Patel,lauren.patel@acmecorp.com,Human Resources,Recruiter,Denver Office,2024-01-06,Active,,,EMP-1001,68900.00,Full-Time,Day,Denver,CO,80202
EMP-1175,Sebastian,Nakamura,sebastian.nakamura@acmecorp.com,Customer Service,CS Representative,Austin Hub,2024-12-12,Active,,,EMP-1003,37700.00,Full-Time,Day,Austin,TX,78701
EMP-1176,Ashley,Costa,ashley.costa@acmecorp.com,Human Resources,Benefits Specialist,Atlanta DC,2022-11-21,Active,,,EMP-1006,54400.00,Full-Time,Day,Atlanta,GA,30301
EMP-1177,Jackson,White,jackson.white@acmecorp.com,Sales,Solutions Consultant,Baltimore HQ,2024-12-16,Active,,,EMP-1006,88300.00,Full-Time,Day,Baltimore,MD,21202
EMP-1011,William,Wilson,william.wilson@acmecorp.com,Customer Service,CS Team Lead,Denver Office,2022-03-28,Active,,,EMP-1068,73500.00,Full-Time,Day,Denver,CO,80202
EMP-1063,Sarah,Thompson,sarah.thompson@acmecorp.com,Customer Service,CS Team Lead,Atlanta DC,2021-09-16,Active,,,EMP-1068,59200.00,Full-Time,Day,Atlanta,GA,30301
EMP-1124,Kayla,Lewis,kayla.lewis@acmecorp.com,Customer Service,CS Team Lead,Baltimore HQ,2024-02-04,Active,,,EMP-1068,65600.00,Full-Time,Day,Baltimore,MD,21202
EMP-1178,Brian,Rodriguez,brian.rodriguez@acmecorp.com,Customer Service,CS Team Lead,Baltimore HQ,2020-10-06,Active,,,EMP-1068,58700.00,Full-Time,Day,Baltimore,MD,21202
EMP-1179,James,Ivanov,james.ivanov@acmecorp.com,Warehouse & Logistics,Inventory Specialist,Denver Office,2023-12-25,Active,,,EMP-1004,43300.00,Full-Time,Night,Denver,CO,80202
EMP-1180,Mason,Davis,mason.davis@acmecorp.com,Finance,Finance Manager,Austin Hub,2024-02-01,Active,,,,122200.00,Full-Time,Day,Austin,TX,78701
EMP-1181,Aaron,Allen,aaron.allen@acmecorp.com,Customer Service,Sr. CS Representative,Atlanta DC,2022-05-08,Active,,,EMP-1002,85800.00,Full-Time,Day,Atlanta,GA,30301
EMP-1185,Andrew,Craig,andrew.craig@acmecorp.com,Sales,Account Executive,Denver Office,2021-08-04,Active,,,EMP-1006,71000.00,Full-Time,Night,Denver,CO,80202
EMP-1187,Anna,Edwards,anna.edwards@acmecorp.com,Customer Service,CS Team Lead,Austin Hub,2021-06-06,Active,,,EMP-1008,57000.00,Full-Time,Swing,Austin,TX,78701
EMP-1193,Brandon,Holt,brandon.holt@acmecorp.com,Customer Service,CS Manager,Baltimore HQ,2024-08-31,Active,,,EMP-1004,42800.00,Full-Time,Day,Baltimore,MD,21202
EMP-1194,Brenda,Ingram,brenda.ingram@acmecorp.com,Engineering,Engineering Manager,Chicago Plant,2022-07-18,Active,,,EMP-1005,96000.00,Full-Time,Swing,Chicago,IL,60601
EMP-1195,Brian,Ivanov,brian.ivanov@acmecorp.com,Finance,Staff Accountant,Denver Office,2026-05-02,Resigned,2026-06-20,Better Opportunity,EMP-1006,58000.00,Full-Time,Night,Denver,CO,80202
EMP-1196,Carol,Jennings,carol.jennings@acmecorp.com,Human Resources,Recruiter,Atlanta DC,2021-02-16,Active,,,EMP-1007,25000.00,Part-Time,Day,Atlanta,GA,30301
EMP-1197,Carolyn,Kemp,carolyn.kemp@acmecorp.com,Sales,Sales Manager,Austin Hub,2022-07-20,Active,,,EMP-1008,100600.00,Full-Time,Day,Austin,TX,78701
EMP-1198,Catherine,King,catherine.king@acmecorp.com,Warehouse & Logistics,Logistics Coordinator,Baltimore HQ,2021-10-17,Active,,,EMP-1009,89300.00,Full-Time,Day,Baltimore,MD,21202
EMP-1199,Charles,Lane,charles.lane@acmecorp.com,Customer Service,Quality Analyst,Chicago Plant,2022-11-24,Active,,,EMP-1010,75800.00,Full-Time,Day,Chicago,IL,60601
EMP-1203,Cynthia,Nolan,cynthia.nolan@acmecorp.com,Sales,Solutions Consultant,Baltimore HQ,2023-08-05,Active,,,EMP-1004,64400.00,Full-Time,Day,Baltimore,MD,21202
EMP-1204,Daniel,Oliver,daniel.oliver@acmecorp.com,Warehouse & Logistics,Shift Supervisor,Chicago Plant,2023-07-24,Terminated,2026-08-19,Performance,EMP-1005,32700.00,Part-Time,Day,Chicago,IL,60601
EMP-1206,Deborah,Pham,deborah.pham@acmecorp.com,Engineering,Sr. Software Engineer,Atlanta DC,2023-03-27,Active,,,EMP-1007,117000.00,Full-Time,Day,Atlanta,GA,30301
EMP-1207,Debra,Quinn,debra.quinn@acmecorp.com,Finance,AP/AR Specialist,Austin Hub,2025-11-19,Active,,,EMP-1008,117000.00,Full-Time,Day,Austin,TX,78701
EMP-1208,Dennis,Reeves,dennis.reeves@acmecorp.com,Human Resources,Benefits Specialist,Baltimore HQ,2022-07-03,Active,,,EMP-1009,81100.00,Full-Time,Swing,Baltimore,MD,21202
EMP-1210,Donald,Stone,donald.stone@acmecorp.com,Warehouse & Logistics,Warehouse Associate,Denver Office,2023-01-10,Resigned,2026-07-21,Better Opportunity,EMP-1001,70700.00,Full-Time,Night,Denver,CO,80202
EMP-1215,Elizabeth,Vasquez,elizabeth.vasquez@acmecorp.com,Sales,Account Executive,Denver Office,2026-01-29,Active,,,EMP-1006,47900.00,Full-Time,Night,Denver,CO,80202
EMP-1220,Frank,Zimmerman,frank.zimmerman@acmecorp.com,Human Resources,HR Generalist,Denver Office,2025-03-02,Active,,,EMP-1001,102300.00,Part-Time,Night,Denver,CO,80202
EMP-1221,Gary,Allen,gary.allen@acmecorp.com,Sales,Sales Development Rep,Atlanta DC,2021-05-20,Active,,,EMP-1002,124100.00,Full-Time,Day,Atlanta,GA,30301
EMP-1222,George,Baker,george.baker@acmecorp.com,Warehouse & Logistics,Forklift Operator,Austin Hub,2026-04-16,Active,,,EMP-1003,99200.00,Full-Time,Swing,Austin,TX,78701
EMP-1224,Heather,Carter,heather.carter@acmecorp.com,Engineering,Engineering Manager,Chicago Plant,2023-09-17,Active,,,EMP-1005,61800.00,Full-Time,Day,Chicago,IL,60601
EMP-1225,Helen,Craig,helen.craig@acmecorp.com,Finance,Staff Accountant,Denver Office,2023-03-12,Resigned,2025-09-23,Better Opportunity,EMP-1006,58300.00,Full-Time,Night,Denver,CO,80202
EMP-1226,Henry,Dixon,henry.dixon@acmecorp.com,Human Resources,Recruiter,Atlanta DC,2025-03-15,Active,,,EMP-1007,98200.00,Full-Time,Day,Atlanta,GA,30301
EMP-1227,Jack,Edwards,jack.edwards@acmecorp.com,Sales,Sales Manager,Austin Hub,2024-06-16,Active,,,EMP-1008,117400.00,Full-Time,Day,Austin,TX,78701
EMP-1229,James,Fisher,james.fisher@acmecorp.com,Customer Service,Quality Analyst,Chicago Plant,2021-03-16,Active,,,EMP-1010,125000.00,Full-Time,Swing,Chicago,IL,60601
EMP-1230,Janet,Foster,janet.foster@acmecorp.com,Engineering,Software Engineer,Denver Office,2023-05-02,Active,,,EMP-1001,59100.00,Full-Time,Night,Denver,CO,80202
EMP-1232,Jeffrey,Harris,jeffrey.harris@acmecorp.com,Human Resources,HRBP,Austin Hub,2023-12-25,Active,,,EMP-1003,100300.00,Full-Time,Day,Austin,TX,78701
EMP-1233,Jennifer,Holt,jennifer.holt@acmecorp.com,Sales,Solutions Consultant,Baltimore HQ,2025-06-26,Active,,,EMP-1004,98600.00,Full-Time,Day,Baltimore,MD,21202
EMP-1235,Jerry,Ivanov,jerry.ivanov@acmecorp.com,Customer Service,CS Representative,Denver Office,2026-02-26,Active,,,EMP-1006,43700.00,Full-Time,Night,Denver,CO,80202
EMP-1236,Jessica,Jennings,jessica.jennings@acmecorp.com,Engineering,Sr. Software Engineer,Atlanta DC,2024-04-15,Active,,,EMP-1007,97800.00,Part-Time,Swing,Atlanta,GA,30301
EMP-1237,John,Kemp,john.kemp@acmecorp.com,Finance,AP/AR Specialist,Austin Hub,2024-10-17,Active,,,EMP-1008,72500.00,Full-Time,Day,Austin,TX,78701
EMP-1245,Karen,Owens,karen.owens@acmecorp.com,Sales,Account Executive,Denver Office,2023-04-22,Active,,,EMP-1006,53000.00,Full-Time,Night,Denver,CO,80202
EMP-1249,Kenneth,Sanders,kenneth.sanders@acmecorp.com,Finance,Finance Manager,Chicago Plant,2021-01-12,Active,,,EMP-1010,82500.00,Full-Time,Day,Chicago,IL,60601
EMP-1252,Kyle,Turner,kyle.turner@acmecorp.com,Warehouse & Logistics,Forklift Operator,Austin Hub,2021-09-18,Terminated,2026-07-10,Performance,EMP-1003,77800.00,Part-Time,Day,Austin,TX,78701
EMP-1183,Amanda,Blake,amanda.blake@acmecorp.com,Finance,Controller,Baltimore HQ,2026-03-12,Active,,,EMP-1004,131183.00,Full-Time,Day,Baltimore,MD,21202
EMP-1186,Angela,Dixon,angela.dixon@acmecorp.com,Warehouse & Logistics,Inventory Specialist,Atlanta DC,2024-02-01,Active,,,EMP-1007,48751.00,Full-Time,Day,Atlanta,GA,30301
EMP-1188,Anthony,Erickson,anthony.erickson@acmecorp.com,Engineering,QA Analyst,Baltimore HQ,2025-03-22,Active,,,EMP-1009,94937.00,Part-Time,Day,Baltimore,MD,21202
EMP-1209,Diane,Sanders,diane.sanders@acmecorp.com,Sales,VP Sales,Chicago Plant,2022-05-03,Active,,,EMP-1010,183622.00,Full-Time,Day,Chicago,IL,60601
EMP-1228,Jacob,Erickson,jacob.erickson@acmecorp.com,Warehouse & Logistics,Logistics Coordinator,Baltimore HQ,2024-05-05,Terminated,2025-10-24,Performance,EMP-1009,51200.00,Part-Time,Day,Baltimore,MD,21202
EMP-1239,Jose,Lane,jose.lane@acmecorp.com,Sales,VP Sales,Chicago Plant,2025-03-27,Active,,,EMP-1010,172852.00,Full-Time,Day,Chicago,IL,60601
EMP-1216,Emily,Wells,emily.wells@acmecorp.com,Warehouse & Logistics,Inventory Specialist,Atlanta DC,2025-05-19,Terminated,2026-06-06,Performance,EMP-1007,41200.00,Full-Time,Day,Atlanta,GA,30301
EMP-1240,Joseph,Lopez,joseph.lopez@acmecorp.com,Warehouse & Logistics,Warehouse Associate,Denver Office,2024-11-10,Terminated,2026-07-31,Performance,EMP-1001,54079.00,Full-Time,Night,Denver,CO,80202
EMP-1243,Julie,Nolan,julie.nolan@acmecorp.com,Finance,Controller,Baltimore HQ,2022-07-24,Active,,,EMP-1004,127329.00,Full-Time,Swing,Baltimore,MD,21202
EMP-1182,Alexander,Baker,alexander.baker@acmecorp.com,Engineering,DevOps Engineer,Austin Hub,2024-08-30,Active,,,EMP-1003,86800.00,Full-Time,Day,Austin,TX,78701
EMP-1184,Amy,Carter,amy.carter@acmecorp.com,Human Resources,HR Manager,Chicago Plant,2022-09-11,Active,,,EMP-1005,88700.00,Full-Time,Day,Chicago,IL,60601
EMP-1190,Barbara,Foster,barbara.foster@acmecorp.com,Human Resources,HR Generalist,Denver Office,2023-05-25,Active,,,EMP-1001,58200.00,Full-Time,Night,Denver,CO,80202
EMP-1205,David,Owens,david.owens@acmecorp.com,Customer Service,CS Representative,Denver Office,2024-06-16,Active,,,EMP-1006,77900.00,Full-Time,Night,Denver,CO,80202
EMP-1212,Dorothy,Turner,dorothy.turner@acmecorp.com,Engineering,DevOps Engineer,Austin Hub,2025-06-24,Active,,,EMP-1003,48200.00,Part-Time,Day,Austin,TX,78701
EMP-1189,Ashley,Fisher,ashley.fisher@acmecorp.com,Finance,Finance Manager,Chicago Plant,2023-05-13,Active,,,EMP-1010,97669.00,Full-Time,Day,Chicago,IL,60601
EMP-1250,Kevin,Stone,kevin.stone@acmecorp.com,Human Resources,HR Generalist,Denver Office,2025-06-16,Active,,,EMP-1001,78045.00,Full-Time,Night,Denver,CO,80202
EMP-1201,Christine,Mason,christine.mason@acmecorp.com,Finance,Financial Analyst,Atlanta DC,2022-08-21,Active,,,EMP-1002,60131.00,Full-Time,Swing,Atlanta,GA,30301
EMP-1213,Douglas,Underwood,douglas.underwood@acmecorp.com,Finance,Controller,Baltimore HQ,2024-07-04,Active,,,EMP-1004,137207.00,Full-Time,Day,Baltimore,MD,21202
EMP-1214,Edward,Valentine,edward.valentine@acmecorp.com,Human Resources,HR Manager,Chicago Plant,2024-07-23,Active,,,EMP-1005,105800.00,Full-Time,Day,Chicago,IL,60601
EMP-1219,Ethan,Zamora,ethan.zamora@acmecorp.com,Finance,Finance Manager,Chicago Plant,2024-12-21,Active,,,EMP-1010,78800.00,Full-Time,Day,Chicago,IL,60601
EMP-1234,Jeremy,Ingram,jeremy.ingram@acmecorp.com,Warehouse & Logistics,Shift Supervisor,Chicago Plant,2023-09-11,Active,,,EMP-1005,58300.00,Full-Time,Day,Chicago,IL,60601
EMP-1238,Jonathan,King,jonathan.king@acmecorp.com,Human Resources,Benefits Specialist,Baltimore HQ,2023-05-24,Active,,,EMP-1009,86600.00,Full-Time,Day,Baltimore,MD,21202
EMP-1241,Joshua,Mason,joshua.mason@acmecorp.com,Customer Service,Sr. CS Representative,Atlanta DC,2022-10-25,Active,,,EMP-1002,100000.00,Full-Time,Day,Atlanta,GA,30301
EMP-1246,Katherine,Pham,katherine.pham@acmecorp.com,Warehouse & Logistics,Inventory Specialist,Atlanta DC,2022-04-02,Active,,,EMP-1007,53900.00,Full-Time,Day,Atlanta,GA,30301
EMP-1251,Kimberly,Thompson,kimberly.thompson@acmecorp.com,Sales,Sales Development Rep,Atlanta DC,2022-05-21,Active,,,EMP-1002,84100.00,Full-Time,Day,Atlanta,GA,30301
EMP-1253,Larry,Underwood,larry.underwood@acmecorp.com,Customer Service,CS Manager,Baltimore HQ,2024-01-16,Active,,,EMP-1004,53600.00,Full-Time,Day,Baltimore,MD,21202
EMP-1191,Benjamin,Grant,benjamin.grant@acmecorp.com,Sales,Sales Development Rep,Atlanta DC,2021-12-15,Active,,,EMP-1002,83220.00,Full-Time,Day,Atlanta,GA,30301
EMP-1202,Christopher,Nelson,christopher.nelson@acmecorp.com,Human Resources,HRBP,Austin Hub,2025-05-24,Active,,,EMP-1003,60984.00,Full-Time,Day,Austin,TX,78701
EMP-1211,Donna,Thompson,donna.thompson@acmecorp.com,Customer Service,Sr. CS Representative,Atlanta DC,2022-09-24,Active,,,EMP-1002,63429.00,Full-Time,Day,Atlanta,GA,30301
EMP-1223,Gregory,Blake,gregory.blake@acmecorp.com,Customer Service,CS Manager,Baltimore HQ,2022-07-11,Active,,,EMP-1004,88834.00,Full-Time,Day,Baltimore,MD,21202
EMP-1244,Justin,Oliver,justin.oliver@acmecorp.com,Human Resources,HR Manager,Chicago Plant,2021-02-02,Active,,,EMP-1005,85358.00,Part-Time,Day,Chicago,IL,60601
EMP-1247,Kathleen,Quinn,kathleen.quinn@acmecorp.com,Customer Service,CS Team Lead,Austin Hub,2023-04-22,Active,,,EMP-1008,57075.00,Full-Time,Day,Austin,TX,78701
EMP-1248,Kelly,Reeves,kelly.reeves@acmecorp.com,Engineering,QA Analyst,Baltimore HQ,2025-01-13,Active,,,EMP-1009,88322.00,Full-Time,Day,Baltimore,MD,21202
EMP-1254,Laura,Valentine,laura.valentine@acmecorp.com,Engineering,Engineering Manager,Chicago Plant,2023-03-24,Active,,,EMP-1005,135820.00,Full-Time,Day,Chicago,IL,60601
EMP-1255,Lauren,Vasquez,lauren.vasquez@acmecorp.com,Finance,Staff Accountant,Denver Office,2023-11-27,Resigned,2025-10-12,Better Opportunity,EMP-1006,71493.00,Full-Time,Night,Denver,CO,80202
EMP-1192,Betty,Harris,betty.harris@acmecorp.com,Warehouse & Logistics,Forklift Operator,Austin Hub,2023-05-22,Terminated,2026-02-11,Performance,EMP-1003,42952.00,Full-Time,Day,Austin,TX,78701
EMP-1200,Christina,Lopez,christina.lopez@acmecorp.com,Engineering,Software Engineer,Denver Office,2024-06-25,Active,,,EMP-1001,80472.00,Full-Time,Night,Denver,CO,80202
EMP-1231,Jason,Grant,jason.grant@acmecorp.com,Finance,Financial Analyst,Atlanta DC,2025-03-05,Active,,,EMP-1002,90774.00,Full-Time,Day,Atlanta,GA,30301
EMP-1242,Joyce,Nelson,joyce.nelson@acmecorp.com,Engineering,DevOps Engineer,Austin Hub,2025-03-27,Active,,,EMP-1003,86289.00,Full-Time,Day,Austin,TX,78701
EMP-1217,Emma,Xavier,emma.xavier@acmecorp.com,Customer Service,CS Team Lead,Austin Hub,2024-11-23,Active,,,EMP-1008,76940.00,Full-Time,Day,Austin,TX,78701
EMP-1218,Eric,Yoder,eric.yoder@acmecorp.com,Engineering,QA Analyst,Baltimore HQ,2024-11-03,Active,,,EMP-1009,77405.00,Full-Time,Day,Baltimore,MD,21202
EMP-1256,Linda,Wells,linda.wells@acmecorp.com,Human Resources,Recruiter,Atlanta DC,2024-02-02,Active,,,EMP-1007,70663.00,Full-Time,Day,Atlanta,GA,30301
EMP-1260,Mark,Zimmerman,mark.zimmerman@acmecorp.com,Engineering,Software Engineer,Denver Office,2023-11-25,Active,,,EMP-1001,8800.00,Part-Time,Night,Denver,CO,80202
EMP-1261,Mary,Allen,mary.allen@acmecorp.com,Finance,Financial Analyst,Atlanta DC,2025-11-10,Active,,,EMP-1002,103100.00,Full-Time,Day,Atlanta,GA,30301
EMP-1267,Nathan,Edwards,nathan.edwards@acmecorp.com,Finance,AP/AR Specialist,Austin Hub,2024-07-05,Active,,,EMP-1008,54600.00,Full-Time,Day,Austin,TX,78701
EMP-1270,Noah,Foster,noah.foster@acmecorp.com,Warehouse & Logistics,Warehouse Associate,Denver Office,2024-03-18,Resigned,2026-01-26,Better Opportunity,EMP-1001,65800.00,Full-Time,Night,Denver,CO,80202
EMP-1271,Olivia,Grant,olivia.grant@acmecorp.com,Customer Service,Sr. CS Representative,Atlanta DC,2023-02-01,Active,,,EMP-1002,38200.00,Full-Time,Swing,Atlanta,GA,30301
EMP-1275,Peter,Ivanov,peter.ivanov@acmecorp.com,Sales,Account Executive,Denver Office,2021-08-30,Active,,,EMP-1006,62600.00,Full-Time,Night,Denver,CO,80202
EMP-1281,Ronald,Mason,ronald.mason@acmecorp.com,Sales,Sales Development Rep,Atlanta DC,2021-05-26,Active,,,EMP-1002,37800.00,Full-Time,Day,Atlanta,GA,30301
EMP-1284,Samantha,Oliver,samantha.oliver@acmecorp.com,Engineering,Engineering Manager,Chicago Plant,2023-06-27,Active,,,EMP-1005,24800.00,Part-Time,Day,Chicago,IL,60601
EMP-1289,Sharon,Sanders,sharon.sanders@acmecorp.com,Customer Service,Quality Analyst,Chicago Plant,2022-04-22,Active,,,EMP-1010,67900.00,Full-Time,Day,Chicago,IL,60601
EMP-1290,Shirley,Stone,shirley.stone@acmecorp.com,Engineering,Software Engineer,Denver Office,2022-12-27,Active,,,EMP-1001,69300.00,Full-Time,Night,Denver,CO,80202
EMP-1291,Stephanie,Thompson,stephanie.thompson@acmecorp.com,Finance,Financial Analyst,Atlanta DC,2026-03-17,Active,,,EMP-1002,96000.00,Full-Time,Day,Atlanta,GA,30301
EMP-1293,Steven,Underwood,steven.underwood@acmecorp.com,Sales,Solutions Consultant,Baltimore HQ,2023-04-05,Active,,,EMP-1004,73600.00,Full-Time,Day,Baltimore,MD,21202
EMP-1294,Susan,Valentine,susan.valentine@acmecorp.com,Warehouse & Logistics,Shift Supervisor,Chicago Plant,2024-01-08,Active,,,EMP-1005,80100.00,Full-Time,Day,Chicago,IL,60601
EMP-1295,Thomas,Vasquez,thomas.vasquez@acmecorp.com,Customer Service,CS Representative,Denver Office,2023-09-05,Active,,,EMP-1006,45900.00,Full-Time,Night,Denver,CO,80202
EMP-1258,Margaret,Yoder,margaret.yoder@acmecorp.com,Warehouse & Logistics,Logistics Coordinator,Baltimore HQ,2021-02-20,Active,,,EMP-1009,69004.00,Full-Time,Day,Baltimore,MD,21202
EMP-1265,Michelle,Craig,michelle.craig@acmecorp.com,Customer Service,CS Representative,Denver Office,2022-12-23,Active,,,EMP-1006,42274.00,Full-Time,Night,Denver,CO,80202
EMP-1268,Nicholas,Erickson,nicholas.erickson@acmecorp.com,Human Resources,Benefits Specialist,Baltimore HQ,2024-09-02,Active,,,EMP-1009,53220.00,Part-Time,Day,Baltimore,MD,21202
EMP-1276,Rachel,Jennings,rachel.jennings@acmecorp.com,Warehouse & Logistics,Inventory Specialist,Atlanta DC,2021-03-09,Terminated,2026-02-16,Performance,EMP-1007,42349.00,Part-Time,Day,Atlanta,GA,30301
EMP-1280,Robert,Lopez,robert.lopez@acmecorp.com,Human Resources,HR Generalist,Denver Office,2024-06-07,Active,,,EMP-1001,51821.00,Full-Time,Night,Denver,CO,80202
EMP-1282,Ruth,Nelson,ruth.nelson@acmecorp.com,Warehouse & Logistics,Forklift Operator,Austin Hub,2021-10-25,Active,,,EMP-1003,44672.00,Full-Time,Day,Austin,TX,78701
EMP-1285,Samuel,Owens,samuel.owens@acmecorp.com,Finance,Staff Accountant,Denver Office,2023-01-01,Resigned,2025-10-10,Better Opportunity,EMP-1006,69713.00,Full-Time,Night,Denver,CO,80202
EMP-1287,Sarah,Quinn,sarah.quinn@acmecorp.com,Sales,Sales Manager,Austin Hub,2025-11-24,Active,,,EMP-1008,105601.00,Full-Time,Day,Austin,TX,78701
EMP-1292,Stephen,Turner,stephen.turner@acmecorp.com,Human Resources,HRBP,Austin Hub,2023-07-21,Active,,,EMP-1003,80240.00,Part-Time,Swing,Austin,TX,78701
EMP-1296,Timothy,Wells,timothy.wells@acmecorp.com,Engineering,Sr. Software Engineer,Atlanta DC,2021-02-17,Active,,,EMP-1007,105281.00,Full-Time,Day,Atlanta,GA,30301
EMP-1259,Maria,Zamora,maria.zamora@acmecorp.com,Customer Service,Quality Analyst,Chicago Plant,2025-10-13,Active,,,EMP-1010,89400.00,Full-Time,Day,Chicago,IL,60601
EMP-1263,Melissa,Blake,melissa.blake@acmecorp.com,Sales,Solutions Consultant,Baltimore HQ,2024-12-25,Active,,,EMP-1004,119800.00,Full-Time,Day,Baltimore,MD,21202
EMP-1274,Patrick,Ingram,patrick.ingram@acmecorp.com,Human Resources,HR Manager,Chicago Plant,2023-11-05,Active,,,EMP-1005,50700.00,Full-Time,Day,Chicago,IL,60601
EMP-1277,Raymond,Kemp,raymond.kemp@acmecorp.com,Customer Service,CS Team Lead,Austin Hub,2021-07-20,Active,,,EMP-1008,121600.00,Full-Time,Day,Austin,TX,78701
EMP-1278,Rebecca,King,rebecca.king@acmecorp.com,Engineering,QA Analyst,Baltimore HQ,2021-05-21,Active,,,EMP-1009,115400.00,Full-Time,Swing,Baltimore,MD,21202
EMP-1269,Nicole,Fisher,nicole.fisher@acmecorp.com,Sales,VP Sales,Chicago Plant,2024-07-03,Active,,,EMP-1010,159702.00,Full-Time,Day,Chicago,IL,60601
EMP-1272,Pamela,Harris,pamela.harris@acmecorp.com,Engineering,DevOps Engineer,Austin Hub,2024-05-14,Active,,,EMP-1003,126917.00,Full-Time,Day,Austin,TX,78701
EMP-1279,Richard,Lane,richard.lane@acmecorp.com,Finance,Finance Manager,Chicago Plant,2024-07-11,Active,,,EMP-1010,100593.00,Full-Time,Day,Chicago,IL,60601
EMP-1283,Ryan,Nolan,ryan.nolan@acmecorp.com,Customer Service,CS Manager,Baltimore HQ,2021-06-19,Active,,,EMP-1004,83508.00,Full-Time,Day,Baltimore,MD,21202
EMP-1286,Sandra,Pham,sandra.pham@acmecorp.com,Human Resources,Recruiter,Atlanta DC,2023-07-03,Active,,,EMP-1007,69816.00,Full-Time,Day,Atlanta,GA,30301
EMP-1297,Tyler,Xavier,tyler.xavier@acmecorp.com,Finance,AP/AR Specialist,Austin Hub,2025-06-29,Active,,,EMP-1008,73200.00,Full-Time,Day,Austin,TX,78701
EMP-1262,Matthew,Baker,matthew.baker@acmecorp.com,Human Resources,HRBP,Austin Hub,2021-01-19,Active,,,EMP-1003,87546.00,Full-Time,Day,Austin,TX,78701
EMP-1273,Patricia,Holt,patricia.holt@acmecorp.com,Finance,Controller,Baltimore HQ,2024-01-27,Active,,,EMP-1004,126561.00,Full-Time,Day,Baltimore,MD,21202
EMP-1266,Nancy,Dixon,nancy.dixon@acmecorp.com,Engineering,Sr. Software Engineer,Atlanta DC,2021-07-15,Active,,,EMP-1007,112656.00,Full-Time,Day,Atlanta,GA,30301
EMP-1298,Victoria,Yoder,victoria.yoder@acmecorp.com,Human Resources,Benefits Specialist,Baltimore HQ,2021-05-31,Active,,,EMP-1009,59454.00,Full-Time,Day,Baltimore,MD,21202
EMP-1257,Lisa,Xavier,lisa.xavier@acmecorp.com,Sales,Sales Manager,Austin Hub,2022-09-01,Active,,,EMP-1008,123378.00,Full-Time,Swing,Austin,TX,78701
EMP-1264,Michael,Carter,michael.carter@acmecorp.com,Warehouse & Logistics,Shift Supervisor,Chicago Plant,2024-06-10,Terminated,2026-05-05,Performance,EMP-1005,66799.00,Full-Time,Swing,Chicago,IL,60601
EMP-1288,Scott,Reeves,scott.reeves@acmecorp.com,Warehouse & Logistics,Logistics Coordinator,Baltimore HQ,2024-07-26,Terminated,2025-09-20,Performance,EMP-1009,50816.00,Full-Time,Day,Baltimore,MD,21202
EMP-1299,Virginia,Zamora,virginia.zamora@acmecorp.com,Sales,VP Sales,Chicago Plant,2022-10-05,Active,,,EMP-1010,40091.00,Full-Time,Swing,Chicago,IL,60601
EMP-1300,Zachary,Zimmerman,zachary.zimmerman@acmecorp.com,Warehouse & Logistics,Warehouse Associate,Denver Office,2024-05-03,Terminated,2026-08-15,Performance,EMP-1001,119600.00,Part-Time,Night,Denver,CO,80202
EMP-1303,Amelia,Martinez,amelia.martinez@acmecorp.com,Human Resources,CS Representative,Austin Hub,2026-04-16,Active,,,EMP-1044,69781.00,Full-Time,Swing,Austin,TX,78701
EMP-1302,Daniel,Harris,daniel.harris@acmecorp.com,Customer Service,Sales Development Rep,Austin Hub,2026-04-16,Active,,,EMP-1052,103373.00,Part-Time,Swing,Austin,TX,78701
EMP-1301,Michael,Rodriguez,michael.rodriguez@acmecorp.com,Sales,Recruiter,Atlanta DC,2026-04-16,Active,,,EMP-1013,70416.00,Full-Time,Swing,Atlanta,GA,30301
EMP-1306,Lily,Williams,lily.williams@acmecorp.com,Human Resources,Sales Development Rep,Baltimore HQ,2026-04-16,Active,,,EMP-1025,102417.00,Part-Time,Swing,Baltimore,MD,21202
EMP-1305,Oliver,Sanchez,oliver.sanchez@acmecorp.com,Warehouse & Logistics,CS Representative,Baltimore HQ,2026-04-16,Active,,,EMP-1100,66692.00,Full-Time,Swing,Baltimore,MD,21202
EMP-1304,Ava,Lewis,ava.lewis@acmecorp.com,Sales,Warehouse Associate,Denver Office,2026-04-16,Active,,,EMP-1091,126733.00,Part-Time,Swing,Denver,CO,80202
EMP-1308,Aiden,Martin,aiden.martin@acmecorp.com,Finance,Sales Development Rep,Denver Office,2026-04-17,Active,,,EMP-1081,85500.00,Full-Time,Night,Denver,CO,80202
EMP-1307,Amelia,Johnson,amelia.johnson@acmecorp.com,Human Resources,Warehouse Associate,Chicago Plant,2026-04-17,Active,,,EMP-1006,81071.00,Part-Time,Night,Chicago,IL,60601
EMP-1311,Zoe,Hernandez,zoe.hernandez@acmecorp.com,Customer Service,Account Executive,Austin Hub,2026-04-18,Active,,,EMP-1058,74390.00,Part-Time,Day,Austin,TX,78701
EMP-1310,Elijah,Williams,elijah.williams@acmecorp.com,Engineering,DevOps Engineer,Austin Hub,2026-04-18,Active,,,EMP-1012,97484.00,Full-Time,Day,Austin,TX,78701
EMP-1309,Ava,Jackson,ava.jackson@acmecorp.com,Warehouse & Logistics,CS Representative,Baltimore HQ,2026-04-18,Active,,,EMP-1040,46853.00,Part-Time,Day,Baltimore,MD,21202
EMP-1313,Lily,Brown,lily.brown@acmecorp.com,Finance,Software Engineer,Austin Hub,2026-04-19,Active,,,EMP-1051,82941.00,Part-Time,Swing,Austin,TX,78701
EMP-1312,Hannah,Garcia,hannah.garcia@acmecorp.com,Customer Service,Warehouse Associate,Chicago Plant,2026-04-19,Active,,,EMP-1054,67159.00,Full-Time,Swing,Chicago,IL,60601
EMP-1314,Noah,Garcia,noah.garcia@acmecorp.com,Engineering,Financial Analyst,Baltimore HQ,2026-04-20,Active,,,EMP-1056,66485.00,Full-Time,Swing,Baltimore,MD,21202
EMP-1316,Owen,Martinez,owen.martinez@acmecorp.com,Human Resources,Account Executive,Atlanta DC,2026-04-21,Active,,,EMP-1073,101978.00,Part-Time,Night,Atlanta,GA,30301
EMP-1315,Hannah,Sanchez,hannah.sanchez@acmecorp.com,Finance,Staff Accountant,Denver Office,2026-04-21,Active,,,EMP-1006,57087.00,Full-Time,Night,Denver,CO,80202
EMP-1317,Mia,White,mia.white@acmecorp.com,Engineering,QA Analyst,Baltimore HQ,2026-04-22,Active,,,EMP-1055,54140.00,Full-Time,Night,Baltimore,MD,21202
EMP-1320,Chloe,Walker,chloe.walker@acmecorp.com,Engineering,Sales Development Rep,Baltimore HQ,2026-04-23,Active,,,EMP-1046,105905.00,Part-Time,Day,Baltimore,MD,21202
EMP-1319,Noah,Garcia,noah.garcia@acmecorp.com,Sales,Staff Accountant,Baltimore HQ,2026-04-23,Active,,,EMP-1005,122356.00,Full-Time,Day,Baltimore,MD,21202
EMP-1318,Michael,Jackson,michael.jackson@acmecorp.com,Customer Service,HR Generalist,Atlanta DC,2026-04-23,Active,,,EMP-1079,52782.00,Part-Time,Day,Atlanta,GA,30301
EMP-1322,Riley,Jackson,riley.jackson@acmecorp.com,Engineering,Sales Development Rep,Chicago Plant,2026-04-24,Active,,,EMP-1080,119631.00,Full-Time,Night,Chicago,IL,60601
EMP-1321,Harper,Walker,harper.walker@acmecorp.com,Customer Service,HR Generalist,Denver Office,2026-04-24,Active,,,EMP-1024,63318.00,Part-Time,Night,Denver,CO,80202
EMP-1324,Elijah,Garcia,elijah.garcia@acmecorp.com,Customer Service,HR Generalist,Austin Hub,2026-04-25,Active,,,EMP-1097,97195.00,Full-Time,Night,Austin,TX,78701
EMP-1323,Owen,Rodriguez,owen.rodriguez@acmecorp.com,Engineering,Software Engineer,Chicago Plant,2026-04-25,Active,,,EMP-1072,106017.00,Part-Time,Night,Chicago,IL,60601
EMP-1325,James,Wilson,james.wilson@acmecorp.com,Warehouse & Logistics,DevOps Engineer,Baltimore HQ,2026-04-26,Active,,,EMP-1089,49358.00,Part-Time,Day,Baltimore,MD,21202
EMP-1326,Owen,Martin,owen.martin@acmecorp.com,Finance,CS Representative,Denver Office,2026-04-27,Active,,,EMP-1066,62470.00,Full-Time,Swing,Denver,CO,80202
EMP-1329,Zoe,Lewis,zoe.lewis@acmecorp.com,Human Resources,CS Representative,Atlanta DC,2026-04-28,Active,,,EMP-1043,74123.00,Full-Time,Night,Atlanta,GA,30301
EMP-1328,Nora,Johnson,nora.johnson@acmecorp.com,Sales,Financial Analyst,Atlanta DC,2026-04-28,Active,,,EMP-1036,73130.00,Part-Time,Night,Atlanta,GA,30301
EMP-1327,Liam,Jackson,liam.jackson@acmecorp.com,Engineering,Account Executive,Austin Hub,2026-04-28,Active,,,EMP-1093,89468.00,Full-Time,Night,Austin,TX,78701
EMP-1332,Zoe,Ramirez,zoe.ramirez@acmecorp.com,Human Resources,Logistics Coordinator,Baltimore HQ,2026-04-29,Active,,,EMP-1040,111541.00,Full-Time,Night,Baltimore,MD,21202
EMP-1331,Liam,Moore,liam.moore@acmecorp.com,Engineering,Financial Analyst,Baltimore HQ,2026-04-29,Active,,,EMP-1066,103855.00,Part-Time,Night,Baltimore,MD,21202
EMP-1330,Mia,Jackson,mia.jackson@acmecorp.com,Finance,Software Engineer,Atlanta DC,2026-04-29,Active,,,EMP-1019,126231.00,Full-Time,Night,Atlanta,GA,30301
EMP-1335,Chloe,Taylor,chloe.taylor@acmecorp.com,Sales,Logistics Coordinator,Chicago Plant,2026-04-30,Active,,,EMP-1071,82727.00,Full-Time,Swing,Chicago,IL,60601
EMP-1334,James,Martinez,james.martinez@acmecorp.com,Warehouse & Logistics,Sales Development Rep,Chicago Plant,2026-04-30,Active,,,EMP-1019,57022.00,Part-Time,Swing,Chicago,IL,60601
EMP-1333,Lily,White,lily.white@acmecorp.com,Customer Service,Software Engineer,Austin Hub,2026-04-30,Active,,,EMP-1065,51450.00,Full-Time,Swing,Austin,TX,78701
EMP-1336,Elijah,Martin,elijah.martin@acmecorp.com,Sales,QA Analyst,Austin Hub,2026-05-01,Active,,,EMP-1055,124035.00,Full-Time,Swing,Austin,TX,78701
EMP-1337,Emma,Thomas,emma.thomas@acmecorp.com,Warehouse & Logistics,Forklift Operator,Austin Hub,2026-05-02,Active,,,,48796.00,Full-Time,Day,Austin,TX,78701
EMP-1339,Benjamin,Lane,benjamin.lane@acmecorp.com,Engineering,Software Engineer,Baltimore HQ,2026-05-04,Active,,,EMP-1284,80497.00,Full-Time,Swing,Baltimore,MD,21202
EMP-1338,Emma,Thomas,emma.thomas@acmecorp.com,Warehouse & Logistics,Forklift Operator,Austin Hub,2026-05-04,Active,,,,36249.00,Full-Time,Day,Austin,TX,78701
EMP-1340,Emma,Thomas,emma.thomas@acmecorp.com,Warehouse & Logistics,Forklift Operator,Austin Hub,2026-05-05,Active,,,,48836.00,Full-Time,Day,Austin,TX,78701
EMP-1341,Emma,Thomas,emma.thomas@acmecorp.com,Warehouse & Logistics,Forklift Operator,Austin Hub,2026-05-07,Active,,,,37891.00,Full-Time,Day,Austin,TX,78701
EMP-1343,Benjamin,Lane,benjamin.lane@acmecorp.com,Engineering,Software Engineer,Baltimore HQ,2026-05-08,Active,,,EMP-1254,80810.00,Full-Time,Swing,Baltimore,MD,21202
EMP-1342,Emma,Thomas,emma.thomas@acmecorp.com,Warehouse & Logistics,Forklift Operator,Austin Hub,2026-05-08,Active,,,,45999.00,Full-Time,Day,Austin,TX,78701
EMP-1345,Benjamin,Lane,benjamin.lane@acmecorp.com,Engineering,Software Engineer,Baltimore HQ,2026-05-09,Active,,,EMP-1125,112313.00,Full-Time,Swing,Baltimore,MD,21202
EMP-1344,Emma,Thomas,emma.thomas@acmecorp.com,Warehouse & Logistics,Forklift Operator,Austin Hub,2026-05-09,Active,,,,52348.00,Full-Time,Day,Austin,TX,78701
EMP-1346,Emma,Thomas,emma.thomas@acmecorp.com,Warehouse & Logistics,Forklift Operator,Austin Hub,2026-05-11,Active,,,,39597.00,Full-Time,Day,Austin,TX,78701
EMP-1347,Emma,Thomas,emma.thomas@acmecorp.com,Warehouse & Logistics,Forklift Operator,Austin Hub,2026-05-12,Active,,,,39485.00,Full-Time,Day,Austin,TX,78701
EMP-1349,Benjamin,Lane,benjamin.lane@acmecorp.com,Engineering,Software Engineer,Atlanta DC,2026-05-13,Active,,,EMP-1006,105635.00,Full-Time,Day,Atlanta,GA,30301
EMP-1348,Emma,Thomas,emma.thomas@acmecorp.com,Warehouse & Logistics,Forklift Operator,Baltimore HQ,2026-05-13,Active,,,,53198.00,Full-Time,Swing,Baltimore,MD,21202
EMP-1351,Benjamin,Lane,benjamin.lane@acmecorp.com,Engineering,Software Engineer,Atlanta DC,2026-05-14,Active,,,EMP-1194,93693.00,Full-Time,Day,Atlanta,GA,30301
EMP-1350,Emma,Thomas,emma.thomas@acmecorp.com,Warehouse & Logistics,Forklift Operator,Baltimore HQ,2026-05-14,Active,,,,47752.00,Full-Time,Swing,Baltimore,MD,21202
EMP-1352,Emma,Thomas,emma.thomas@acmecorp.com,Warehouse & Logistics,Forklift Operator,Baltimore HQ,2026-05-17,Active,,,,36135.00,Full-Time,Swing,Baltimore,MD,21202
EMP-1354,Benjamin,Lane,benjamin.lane@acmecorp.com,Engineering,Software Engineer,Atlanta DC,2026-05-18,Active,,,EMP-1006,100466.00,Full-Time,Day,Atlanta,GA,30301
EMP-1353,Emma,Thomas,emma.thomas@acmecorp.com,Warehouse & Logistics,Forklift Operator,Baltimore HQ,2026-05-18,Active,,,,54442.00,Full-Time,Swing,Baltimore,MD,21202
EMP-1356,Benjamin,Lane,benjamin.lane@acmecorp.com,Engineering,Software Engineer,Atlanta DC,2026-05-19,Active,,,EMP-1194,94164.00,Full-Time,Day,Atlanta,GA,30301
EMP-1355,Emma,Thomas,emma.thomas@acmecorp.com,Warehouse & Logistics,Forklift Operator,Baltimore HQ,2026-05-19,Active,,,,49172.00,Full-Time,Swing,Baltimore,MD,21202
EMP-1357,Emma,Thomas,emma.thomas@acmecorp.com,Warehouse & Logistics,Forklift Operator,Baltimore HQ,2026-05-20,Active,,,,51848.00,Full-Time,Swing,Baltimore,MD,21202
EMP-1358,Emma,Thomas,emma.thomas@acmecorp.com,Warehouse & Logistics,Forklift Operator,Baltimore HQ,2026-05-21,Active,,,,52352.00,Full-Time,Swing,Baltimore,MD,21202
EMP-1360,Benjamin,Lane,benjamin.lane@acmecorp.com,Engineering,Software Engineer,Atlanta DC,2026-05-23,Active,,,EMP-1125,98566.00,Full-Time,Day,Atlanta,GA,30301
EMP-1359,Emma,Thomas,emma.thomas@acmecorp.com,Warehouse & Logistics,Forklift Operator,Baltimore HQ,2026-05-23,Active,,,,52403.00,Full-Time,Swing,Baltimore,MD,21202
EMP-1361,Emma,Thomas,emma.thomas@acmecorp.com,Warehouse & Logistics,Forklift Operator,Baltimore HQ,2026-05-24,Active,,,,37463.00,Full-Time,Swing,Baltimore,MD,21202
EMP-1362,Emma,Thomas,emma.thomas@acmecorp.com,Warehouse & Logistics,Forklift Operator,Baltimore HQ,2026-05-25,Active,,,,35423.00,Full-Time,Swing,Baltimore,MD,21202
EMP-1363,Emma,Thomas,emma.thomas@acmecorp.com,Warehouse & Logistics,Forklift Operator,Baltimore HQ,2026-05-29,Active,,,,37297.00,Full-Time,Swing,Baltimore,MD,21202
EMP-1365,Benjamin,Lane,benjamin.lane@acmecorp.com,Engineering,Software Engineer,Atlanta DC,2026-05-31,Active,,,EMP-1006,84863.00,Full-Time,Day,Atlanta,GA,30301
EMP-1364,Emma,Thomas,emma.thomas@acmecorp.com,Warehouse & Logistics,Forklift Operator,Baltimore HQ,2026-05-31,Active,,,,38797.00,Full-Time,Swing,Baltimore,MD,21202
EMP-1367,Benjamin,Lane,benjamin.lane@acmecorp.com,Engineering,Software Engineer,Atlanta DC,2026-06-02,Active,,,EMP-1194,116921.00,Full-Time,Day,Atlanta,GA,30301
EMP-1366,Emma,Thomas,emma.thomas@acmecorp.com,Warehouse & Logistics,Forklift Operator,Baltimore HQ,2026-06-02,Active,,,,40689.00,Full-Time,Swing,Baltimore,MD,21202
EMP-1368,Emma,Thomas,emma.thomas@acmecorp.com,Warehouse & Logistics,Forklift Operator,Baltimore HQ,2026-06-04,Active,,,,48020.00,Full-Time,Swing,Baltimore,MD,21202
EMP-1369,Emma,Thomas,emma.thomas@acmecorp.com,Warehouse & Logistics,Forklift Operator,Baltimore HQ,2026-06-05,Active,,,,50384.00,Full-Time,Swing,Baltimore,MD,21202
EMP-1370,Emma,Thomas,emma.thomas@acmecorp.com,Warehouse & Logistics,Forklift Operator,Baltimore HQ,2026-06-08,Active,,,,54764.00,Full-Time,Swing,Baltimore,MD,21202
EMP-1372,Benjamin,Lane,benjamin.lane@acmecorp.com,Engineering,Software Engineer,Atlanta DC,2026-06-10,Active,,,EMP-1284,86162.00,Full-Time,Day,Atlanta,GA,30301
EMP-1371,Emma,Thomas,emma.thomas@acmecorp.com,Warehouse & Logistics,Forklift Operator,Baltimore HQ,2026-06-10,Active,,,,50962.00,Full-Time,Swing,Baltimore,MD,21202
EMP-1373,Emma,Thomas,emma.thomas@acmecorp.com,Warehouse & Logistics,Forklift Operator,Baltimore HQ,2026-06-11,Active,,,,44630.00,Full-Time,Swing,Baltimore,MD,21202
